if exists(select 1 from master.dbo.sysdatabases where name = 'test_zespoly') drop database test_zespoly
go
create database test_zespoly
go
use test_zespoly
CREATE TABLE ZESPOLY
	(ID_ZESP int CONSTRAINT PK_ZESP PRIMARY KEY,
	NAZWA VARCHAR(20),
	ADRES VARCHAR(20) );

CREATE TABLE ETATY
      ( NAZWA VARCHAR(15) CONSTRAINT PK_ETAT PRIMARY KEY,
	PLACA_MIN money,
	PLACA_MAX money);

CREATE TABLE PRACOWNICY
    (ID_PRAC int CONSTRAINT PK_PRAC PRIMARY KEY,
        IMIE VARCHAR(10),
	NAZWISKO VARCHAR(15),

	ETAT VARCHAR(15) CONSTRAINT FK_ETAT REFERENCES ETATY(NAZWA),
	ID_SZEFA int CONSTRAINT FK_ID_SZEFA REFERENCES PRACOWNICY(ID_PRAC),
	ZATRUDNIONY DATE,
	PLACA_POD money CONSTRAINT MIN_PLACA_POD CHECK(PLACA_POD>100),
	PLACA_DOD money,
	ID_ZESP int CONSTRAINT FK_ID_ZESP REFERENCES ZESPOLY(ID_ZESP));

INSERT INTO ZESPOLY VALUES (10,'ADMINISTRACJA',      'PIOTRKOWSKA 3');
INSERT INTO ZESPOLY VALUES (20,'BAZY DANYCH','PIOTRKOWSKA 3');
INSERT INTO ZESPOLY VALUES (30,'SYSTEMY MOBILNE', 'FABRYCZNA 14');
INSERT INTO ZESPOLY VALUES (40,'SYSTEMY ROZPROSZONE', 'FABRYCZNA 14');
INSERT INTO ZESPOLY VALUES (50,'EKSPLORACJA DANYCH', 'FABRYCZNA 14');

INSERT INTO ETATY VALUES ('KIEROWNIK'  ,5800.00,7200.00);
INSERT INTO ETATY VALUES ('LOGISTYK'  ,5400.00,6400.00);
INSERT INTO ETATY VALUES ('ELEKTRYK'  ,1800.00,2300.00);
INSERT INTO ETATY VALUES ('ANALITYK'   ,5500.00, 6750.00);
INSERT INTO ETATY VALUES ('PROGRAMISTA'  ,5300.00, 6500.00);
INSERT INTO ETATY VALUES ('STAZYSTA'  ,3150.00, 3550.00);
INSERT INTO ETATY VALUES ('SEKRETARKA',3100.00, 3850.00);
INSERT INTO ETATY VALUES ('DYREKTOR' , 7200.00, 8500.00);
 
INSERT INTO PRACOWNICY VALUES (100,'ADAM','ZIELARZ'    ,'DYREKTOR'  ,NULL,'2003/01/01',7730.00,420.50,10);
INSERT INTO PRACOWNICY VALUES (110,'ZENON', 'BILEWICZ'  ,'KIEROWNIK'  ,100 ,'2010/05/01',5900.00,210.00,40);
INSERT INTO PRACOWNICY VALUES (120,'IGNACY','SLONIMSKI'  ,'KIEROWNIK'  ,100 ,'2014/09/01',6100.00,  NULL,30);
INSERT INTO PRACOWNICY VALUES (130,'ANNA', 'GROCHOWSKA' ,'KIEROWNIK'  ,100 ,'2003/07/01', 6500.00,  NULL,20);
INSERT INTO PRACOWNICY VALUES (140,'LUCJAN', 'CHUDY'      ,'ANALITYK'  ,110 ,'2012/09/15', 5800.00,105.00,40);
INSERT INTO PRACOWNICY VALUES (150,'KRYSTIAN', 'ZAJCZEK','ANALITYK'   ,130 ,'2014/09/01', 5600.00,  NULL,20);
INSERT INTO PRACOWNICY VALUES (160,'ANDRZEJ', 'KOSZELNY'  ,'ANALITYK'   ,130 ,'2008/03/01', 6000.00,  NULL,20);
INSERT INTO PRACOWNICY VALUES (170,'DAMIAN', 'STAWOWY'  ,'PROGRAMISTA'  ,130 ,'2009/10/01', 5700.00, 80.50,20);
INSERT INTO PRACOWNICY VALUES (190,'ROBERT', 'SOLTYSIAK'   ,'PROGRAMISTA'  ,130 ,'2010/09/01', 5500.00,  NULL,20);
INSERT INTO PRACOWNICY VALUES (180,'ZOFIA', 'KOBUCKA'      ,'SEKRETARKA',100 ,'2005/02/20', 3500.00,  NULL,10);
INSERT INTO PRACOWNICY VALUES (200,'JAN', 'SARZEWICZ' ,'STAZYSTA'  ,120 ,'2022/07/15', 3300.00,  NULL,30);
INSERT INTO PRACOWNICY VALUES (210,'JERZY', 'KOLOREK'      ,'STAZYSTA'  ,120 ,'2022/10/15', 3250.00,170.60,30);
INSERT INTO PRACOWNICY VALUES (220,'EWA', 'SNOPEK'    ,'PROGRAMISTA'  ,130 ,'2020/10/01', 5300.00,  NULL,20);
INSERT INTO PRACOWNICY VALUES (230,'JULIAN', 'LEBOMIRSKI' ,'PROGRAMISTA'  ,120 ,'2019/09/01', 5580.00, 90.00,30);
INSERT INTO PRACOWNICY VALUES (240,'JANINA', 'KOCH' ,'LOGISTYK'  ,100,'2021/09/01', 5400.00, NULL,NULL);